{"cameraMode":{"drawMode":0,"name":"Shaded","section":"Shading Mode"},"sceneLighting":false,"audioPlay":false,"sceneViewState":{"m_AlwaysRefresh":false,"showFog":true,"showSkybox":false,"showFlares":true,"showImageEffects":true,"showParticleSystems":true,"showVisualEffectGraphs":true,"m_FxEnabled":true},"in2DMode":false,"pivot":{"x":0.11500008404254914,"y":-0.07577187567949295,"z":-0.040700044482946399},"rotation":{"x":0.017458714544773103,"y":-0.7361276745796204,"z":0.019004562869668008,"w":0.6763558983802795},"size":1.0313944816589356,"orthographic":false}