{"cameraMode":{"drawMode":0,"name":"Shaded","section":"Shading Mode"},"sceneLighting":true,"audioPlay":false,"sceneViewState":{"m_AlwaysRefresh":false,"showFog":true,"showSkybox":true,"showFlares":true,"showImageEffects":true,"showParticleSystems":true,"showVisualEffectGraphs":true,"m_FxEnabled":true},"in2DMode":false,"pivot":{"x":328.1600036621094,"y":825.2560424804688,"z":-13.004860877990723},"rotation":{"x":0.01890481822192669,"y":-0.6157769560813904,"z":0.014781991019845009,"w":0.7875799536705017},"size":14.068602561950684,"orthographic":true}