{"cameraMode":{"drawMode":0,"name":"Shaded","section":"Shading Mode"},"sceneLighting":true,"audioPlay":false,"sceneViewState":{"m_AlwaysRefresh":false,"showFog":true,"showSkybox":true,"showFlares":true,"showImageEffects":true,"showParticleSystems":true,"showVisualEffectGraphs":true,"m_FxEnabled":true},"in2DMode":false,"pivot":{"x":298.5256042480469,"y":823.0663452148438,"z":5.5687785148620609},"rotation":{"x":-0.012706822715699673,"y":-0.33760109543800356,"z":-0.004558313637971878,"w":0.9411960244178772},"size":8.225753784179688,"orthographic":true}