{"cameraMode":{"drawMode":0,"name":"Shaded","section":"Shading Mode"},"sceneLighting":true,"audioPlay":false,"sceneViewState":{"m_AlwaysRefresh":false,"showFog":true,"showSkybox":true,"showFlares":true,"showImageEffects":true,"showParticleSystems":true,"showVisualEffectGraphs":true,"m_FxEnabled":true},"in2DMode":false,"pivot":{"x":295.10211181640627,"y":821.47998046875,"z":3.119999885559082},"rotation":{"x":-0.012706822715699673,"y":-0.33760109543800356,"z":-0.004558313637971878,"w":0.9411960244178772},"size":4.936095714569092,"orthographic":true}