{"cameraMode":{"drawMode":0,"name":"Shaded","section":"Shading Mode"},"sceneLighting":true,"audioPlay":false,"sceneViewState":{"m_AlwaysRefresh":false,"showFog":true,"showSkybox":true,"showFlares":true,"showImageEffects":true,"showParticleSystems":true,"showVisualEffectGraphs":true,"m_FxEnabled":true},"in2DMode":false,"pivot":{"x":312.67999267578127,"y":824.894775390625,"z":7.056766986846924},"rotation":{"x":-0.053010862320661548,"y":0.365671306848526,"z":-0.020865553990006448,"w":-0.9290080666542053},"size":17.335262298583986,"orthographic":true}