{"cameraMode":{"drawMode":0,"name":"Shaded","section":"Shading Mode"},"sceneLighting":true,"audioPlay":false,"sceneViewState":{"m_AlwaysRefresh":false,"showFog":true,"showSkybox":true,"showFlares":true,"showImageEffects":true,"showParticleSystems":true,"showVisualEffectGraphs":true,"m_FxEnabled":true},"in2DMode":false,"pivot":{"x":292.4800109863281,"y":818.9882202148438,"z":8.520000457763672},"rotation":{"x":-0.02073613740503788,"y":-0.3878443241119385,"z":-0.008727984502911568,"w":0.9214508533477783},"size":13.512434005737305,"orthographic":true}