{"cameraMode":{"drawMode":0,"name":"Shaded","section":"Shading Mode"},"sceneLighting":true,"audioPlay":false,"sceneViewState":{"m_AlwaysRefresh":false,"showFog":true,"showSkybox":true,"showFlares":true,"showImageEffects":true,"showParticleSystems":true,"showVisualEffectGraphs":true,"m_FxEnabled":true},"in2DMode":false,"pivot":{"x":4.576193332672119,"y":2.7190327644348146,"z":12.064590454101563},"rotation":{"x":-0.02345026284456253,"y":-0.6962623596191406,"z":-0.022768300026655198,"w":0.7170508503913879},"size":5.308032035827637,"orthographic":false}